,Symbol
0,RRM1
1,PLEKHJ1
2,AASDH
3,FKBP4
4,KDM5A
5,HSPA2
6,SKIC8
7,ASB8
8,BID
9,TPRA1
10,CNPY3
11,PSMG1
12,CLEC1A
13,ESYT2
14,MFSD11
15,POLR2G
16,XKR6
17,ALDOB
18,HRG
19,GPX6
20,NDUFA2
21,TUBA1C
22,MAPK9
23,KCNK1
24,KRTAP1-5
25,EGR1
26,KLHL9
27,USP38
28,PRKAG2
29,SHD
30,PIP4K2B
31,TSGA10
32,RTF1
33,PDX1
34,RAB19
35,ZNF276
36,PLEKHA6
37,NFATC2
38,CCDC136
39,SRC
40,ANKRD28
41,ADRB2
42,EIF5
43,SETX
44,IQSEC3
45,DMBT1
46,CDC42BPB
47,SRA1
48,RAB31
49,MLLT11
50,GTF2B
51,FAM219A
52,MVP
53,PSG4
54,ZNF600
55,EYS
56,ARNT2
57,FGFBP1
58,STX1A
59,PREB
60,LRIG3
61,SNAPC4
62,RAB21
63,CDIP1
64,BAMBI
65,LGALS8
66,TES
67,SNAPIN
68,BAX
69,WFDC10B
70,GLRX5
71,SCGB1D2
72,NT5DC2
73,MRPS2
74,AURKAIP1
75,ANXA7
76,CCNE1
77,OR4K13
78,FAS
79,LRRC41
80,VAV3
81,STAMBP
82,PAK2
83,TMCC3
84,MRTFA
85,MTF2
86,CCND1
87,SART1
88,ARPP19
89,EXTL2
90,DYRK3
91,PIK3CD
92,ZEB1
93,SENP6
94,CSNK2A2
95,SETD1A
96,HUNK
97,USP32
98,NR1H2
99,KNDC1
100,SLC16A14
101,PIK3CB
102,SCARB1
103,B4GALT1
104,MARK4
105,RPA3
106,MYCBP
107,LRP12
108,KIF9
109,KRT3
110,TATDN2
111,ZNF862
112,IER3
113,PYCR1
114,NDUFAB1
115,PIK3R5
116,PTN
117,SMO
118,ANAPC10
119,HEBP1
120,CCL2
121,ZNF586
122,KLF6
123,RNF11
124,OVOL1
125,DPP8
126,TSPAN3
127,MNX1
128,SPTLC2
129,NPEPL1
130,CHUK
131,NTRK3
132,CACNA1E
133,TBC1D9B
134,MCOLN1
135,PSMD4
136,STAR
137,PYGL
138,KNTC1
139,ATP7B
140,SLC25A18
141,FGFR2
142,PIGB
143,CIRBP
144,CDR2L
145,NR2C2AP
146,SLC25A4
147,FCGR2A
148,STPG1
149,UBE2L6
150,SPRYD7
151,TDRD7
152,RNF167
153,QRICH1
154,COPZ1
155,TIMM22
156,NRAS
157,PMP2
158,CLN5
159,MAN2C1
160,TGFBR1
161,PPP2R3C
162,PPIC
163,SLFN13
164,SPR
165,KIF21A
166,IGFL3
167,BCL7B
168,RAF1
169,PDE10A
170,TNKS2
171,SKP1
172,PRKACA
173,IL12B
174,CES4A
175,MAPK1
176,PPT1
177,ARHGEF40
178,ZDHHC6
179,BPIFB1
180,CAPZB
181,TMEM170B
182,MALT1
183,SPATA31D1
184,TNFRSF13B
185,RAB4A
186,TPGS2
187,TBXA2R
188,RAD51D
189,MAP3K4
190,ZNF202
191,ATP6V1B2
192,IL20RA
193,ATG12
194,VCL
195,CD63
196,MRPS26
197,MBTPS1
198,PEX13
199,HES1
200,NSMCE1
201,CCL21
202,INTS3
203,MBNL2
204,AEBP1
205,CYP2W1
206,ARIH2
207,DENND2D
208,CRLS1
209,RRP9
210,VPS35
211,BAD
212,EGFR
213,ADI1
214,DESI1
215,SUPT20H
216,AXL
217,CLK4
218,GUCA2B
219,ZNF451
220,IARS1
221,UBE3B
222,PTPRK
223,KDM3A
224,PCBP2
225,MAPKAPK2
226,KRTAP22-1
227,CDKN2A
228,PIK3CA
229,DCTN2
230,S100A4
231,TGFB1I1
232,ANK1
233,RUVBL1
234,GNG2
235,NR1H4
236,ZNF395
237,PTPN1
238,TXNL4B
239,RNF152
240,YTHDF1
241,CHEK2
242,AGPAT2
243,WEE1
244,COLEC12
245,DYNC2LI1
246,SCD
247,ALDH7A1
248,PCDHB12
249,MBNL1
250,CCNF
251,ATRN
252,C2CD5
253,OR1G1
254,INSIG1
255,HEATR6
256,TRUB1
257,ZNF318
258,CCNA2
259,BRIP1
260,BRDT
261,SLC38A7
262,MEF2C
263,IGF2R
264,EZH2
265,POLE2
266,SQSTM1
267,TMC3
268,TTC32
269,FGF18
270,OR2A12
271,NDUFB1
272,ZDHHC19
273,BLVRA
274,BRAF
275,BPIFA1
276,CCDC146
277,NIPSNAP1
278,YPEL2
279,POLR1C
280,CLEC16A
281,NCAM1
282,STARD4
283,BRF2
284,CISD1
285,CCDC112
286,AMIGO1
287,ADH5
288,MFAP2
289,SPG7
290,TCEA2
291,CDKN2AIP
292,YKT6
293,RPS6KB1
294,NFATC4
295,KCNA4
296,TGIF1
297,B9D1
298,GSTP1
299,CDH1
300,ORC1
301,AIM2
302,UPP2
303,OR8B8
304,TP53
305,BIRC5
306,STEAP2
307,KEAP1
308,MAP4K1
309,HEATR4
310,SCYL3
311,ERBB3
312,EML3
313,CORIN
314,ABHD6
315,GPATCH8
316,MAP2
317,PRKCB
318,PLA2R1
319,SEMA4A
320,TONSL
321,CSRP1
322,KANK1
323,CENPE
324,PROM2
325,WBP2NL
326,HDAC5
327,AHDC1
328,STX3
329,IFI27L2
330,PDS5A
331,CPNE3
332,TFDP1
333,CDK13
334,FNBP1
335,DNAI2
336,ENO2
337,VWA5B1
338,PAFAH1B1
339,NUDT5
340,STEAP3
341,USP15
342,PAICS
343,CD82
344,IFT122
345,LAMP3
346,TYW1
347,B3GALT1
348,UBE3C
349,CYP3A5
350,DIRAS1
351,AP2A1
352,ZNF556
353,SMAD4
354,PPIA
355,TOP2A
356,TMEM203
357,SWSAP1
358,IQUB
359,TMEM132B
360,HDAC7
361,NDUFA10
362,ALAS1
363,OR5D14
364,WIF1
365,FAM210B
366,MYO18A
367,ECD
368,JMJD4
369,NCOR2
370,RPH3A
371,ANKRD34B
372,CSNK1A1
373,TMBIM6
374,RAPSN
375,PKIB
376,WDR75
377,MSH2
378,PLA2G15
379,DDIT4L
380,TRADD
381,GUCA1C
382,RASA1
383,ABCC8
384,AURKC
385,GDF5
386,DOCK4
387,PSRC1
388,MED13
389,MYL6B
390,DNM1
391,GTDC1
392,HSD17B14
393,BCAR3
394,CETN3
395,PDP1
396,FAM76B
397,GATA6
398,MRPL46
399,TRPC4AP
400,HMG20B
401,LCK
402,AKAP12
403,AMDHD2
404,PCK2
405,MAP2K5
406,TAS2R42
407,PNMA2
408,NR4A3
409,HGF
410,MAPK3
411,PSTPIP2
412,SDR9C7
413,CDC123
414,ZBTB44
415,ATP6V1D
416,MDH1B
417,LGALSL
418,MRGPRD
419,ERBB4
420,NR2F6
421,ATF1
422,SLC12A6
423,NCSTN
424,BNC2
425,TRIM37
426,EXOSC4
427,RING1
428,GCG
429,ISOC1
430,PTK2
431,MAFK
432,INSL5
433,HMGCR
434,PRMT7
435,SNX11
436,PITPNA
437,C1QA
438,MCM9
439,SHROOM3
440,FRMD1
441,ITPKB
442,PRDM5
443,CASP7
444,OSGIN2
445,ACAT2
446,TIPARP
447,DUSP6
448,IL6ST
449,ADCY10
450,PEAR1
451,RNF181
452,IL17F
453,ENO3
454,NNT
455,EPAS1
456,ZC3HAV1
457,MSH6
458,CTCFL
459,KCNJ3
460,COX7A2L
461,WDR47
462,HDAC4
463,FRS2
464,HMX1
465,CDK7
466,SKIC2
467,FIGN
468,WDR5
469,FBXO8
470,ATAD5
471,DNAJB2
472,HSPA4
473,SIVA1
474,CSRNP1
475,RET
476,PROX2
477,MCMBP
478,OR2C3
479,IKBKB
480,TMEM64
481,ZCCHC17
482,PKP4
483,RBKS
484,KRT32
485,FZD1
486,YBX2
487,DEFB116
488,HAPLN4
489,SLC25A13
490,HESX1
491,BZW2
492,ARHGEF19
493,PTTG1IP
494,FMO2
495,RNASE2
496,IL9
497,SGK2
498,TMEM53
499,PKIG
500,ACAA1
501,MTMR9
502,HYAL2
503,GGPS1
504,PNP
505,ANKRD49
506,RPN2
507,HIPK4
508,PDE8A
509,LEP
510,PPCDC
511,CIB3
512,PPIL1
513,STXBP1
514,ABL1
515,NFATC3
516,ZRANB1
517,SUGP2
518,SACS
519,PRDM10
520,SLAMF1
521,EXOC3
522,MTHFD2
523,RNASE3
524,TRIM45
525,IRX3
526,MYL5
527,AKAP8
528,CDK19
529,PAK4
530,MCHR1
531,OR51I2
532,OTUD4
533,CANT1
534,KLHL36
535,RFC5
536,ARRB1
537,UNC13D
538,CRKL
539,SLC25A20
540,H2BC12
541,S100A1
542,ZNF7
543,USP4
544,ARFGAP1
545,DECR2
546,USP6
547,PLS1
548,BMP2
549,CHIC2
550,SURF6
551,VNN3P
552,NUP85
553,IFNA8
554,KLK12
555,SVOP
556,AARS2
557,WFS1
558,TACO1
559,TXNDC9
560,DFFA
561,ERBB2
562,CATSPERD
563,BFAR
564,ZNF195
565,SMARCB1
566,DDX6
567,GALC
568,SRSF12
569,DSG1
570,RAD51AP2
571,DDR1
572,MDM4
573,APOE
574,RBP7
575,NTN4
576,PSG9
577,TOR1AIP1
578,LRP10
579,SLC25A46
580,STAT5B
581,STOML3
582,IARS2
583,TMEM33
584,PYCARD
585,MED23
586,SLC35F3
587,ZNF71
588,LRPAP1
589,PDZD7
590,B3GNT9
591,F13A1
592,DAXX
593,HERC6
594,FAP
595,PHYHIP
596,ABCA8
597,PAPSS2
598,SPIC
599,EHMT2
600,ATP6V1E2
601,PDE9A
602,TTC8
603,CREG1
604,AURKA
605,SRGAP1
606,CEP72
607,TMEM18
608,DBR1
609,HSPA5
610,ATF7
611,FABP1
612,EIF1B
613,ICA1L
614,DERA
615,IGFBP3
616,REPS1
617,HLA-DRA
618,PPP2R5A
619,EGLN1
620,GNPDA1
621,GPRIN1
622,NXPH1
623,RBL2
624,KANSL1
625,ODAD2
626,QPCTL
627,DHRS7
628,MON2
629,SLC16A4
630,MUC12
631,GREM1
632,RAC3
633,NPVF
634,SLC2A6
635,KDM2A
636,LRP4
637,TRIQK
638,MAST3
639,GP6
640,CD8A
641,CLPX
642,HSPA1A
643,ACBD3
644,UGDH
645,FEZ2
646,TAP1
647,APRT
648,HADH
649,KIF17
650,TUBB6
651,LYN
652,SLC5A6
653,DHX29
654,TSPAN4
655,DCUN1D2
656,TM9SF3
657,ARID3C
658,SLC7A1
659,BLNK
660,UGT2B15
661,CALCA
662,SLC37A4
663,OR2F2
664,AK5
665,PROK1
666,BBS2
667,ATF2
668,IDH1
669,DNAH14
670,RPS5
671,TMEM259
672,MS4A12
673,PACS1
674,EIF2B5
675,EFHC1
676,ZNF704
677,PKN1
678,KRTAP11-1
679,BRD1
680,PROS1
681,NET1
682,DYNLT1
683,SLC4A11
684,STARD3
685,VPS72
686,FLNB
687,TMCC2
688,ERCC5
689,CKAP4
690,PHKG2
691,KRTAP20-4
692,TLE1
693,TCFL5
694,KLHL3
695,ACTB
696,COG5
697,PDGFRA
698,UBASH3B
699,SNX21
700,PKM
701,SPAG16
702,ZIK1
703,PXMP4
704,PARVB
705,TRIM7
706,NDN
707,IDE
708,NNAT
709,NUP93
710,LIMD2
711,KCTD5
712,SET
713,PTGS2
714,GRB10
715,KLHDC2
716,CTNND1
717,DECR1
718,SLBP
719,GNG8
720,DDX60
721,RASSF4
722,TOR4A
723,FBXO21
724,EXT1
725,UFM1
726,CCNA1
727,NBL1
728,ZBTB14
729,PCBD1
730,DNAJB1
731,PEX6
732,DNTTIP2
733,OPTC
734,DEK
735,WDR24
736,POLR3A
737,MAN2A1
738,MLPH
739,CIAO3
740,ELOVL6
741,ITGB1BP1
742,RNF122
743,CATSPERB
744,OXCT1
745,PRTN3
746,TTC33
747,GRWD1
748,OSR1
749,ST3GAL5
750,RUNDC3B
751,MAP2K1
752,DNAJC15
753,MTFR1
754,PRCP
755,TRPM5
756,HMOX1
757,LRRK2
758,PDZD9
759,RPL30
760,DEPDC4
761,PRM2
762,PPM1M
763,CSF1R
764,ACTR6
765,BRD4
766,MAPKAPK3
767,LARP4
768,KIF25
769,HAO2
770,IGDCC3
771,CLEC10A
772,NPDC1
773,PGM2
774,BUB3
775,SLC27A5
776,RGS5
777,CD164L2
778,ZDHHC5
779,NPC1L1
780,CYP26B1
781,MSRB3
782,PPIE
783,ADO
784,GPSM1
785,SH2B1
786,VARS2
787,CTTN
788,P4HTM
789,BIRC3
790,ZNF76
791,CHKA
792,KCNQ4
793,NDUFA13
794,ATP6V1G1
795,BNIP3L
796,RAB6A
797,PLSCR1
798,RAD51C
799,HGD
800,PTER
801,SOX4
802,ULK2
803,CGRRF1
804,CDK4
805,PHF1
806,PCOLCE2
807,SLC25A45
808,LYSMD2
809,CCL20
810,AGL
811,GNB5
812,MDM2
813,GLIPR2
814,C2CD2L
815,AGAP3
816,RSU1
817,NR2F2
818,HNRNPU
819,G3BP1
820,EPB41L2
821,VWC2
822,SPAG4
823,DNAJB5
824,PARN
825,RFX5
826,NAMPT
827,C1RL
828,ZNF253
829,COG4
830,GPC1
831,MEGF8
832,JAKMIP2
833,ECH1
834,CCDC127
835,GPR160
836,HRNR
837,NFKBID
838,SNX22
839,RIT1
840,ZFAND1
841,CPNE7
842,FBXO11
843,MYCBP2
844,FGF11
845,SYPL1
846,TBP
847,KLHL24
848,ALDH3B2
849,THUMPD3
850,TEC
851,GPR146
852,ITPRID2
853,CTNNA3
854,CIAPIN1
855,SH3BP5
856,ETS1
857,MAP3K7
858,CBLB
859,IFNB1
860,DOK2
861,LPAR2
862,ZNF772
863,ABCA5
864,CEP97
865,USP7
866,FHIT
867,PARP1
868,TAAR8
869,MOSPD3
870,SLC25A38
871,SCUBE1
872,HDAC1
873,ZNF510
874,FAM20B
875,SLC39A10
876,STRA6
877,PIK3C3
878,PARP6
879,CSE1L
880,ECHS1
881,CHST11
882,LYPD3
883,CCDC92
884,YBEY
885,CLCN2
886,CAMK2B
887,TCIRG1
888,BMP4
889,CCDC90B
890,F13B
891,TFAP2A
892,PTK2B
893,DHX16
894,NCAPD2
895,SNRPA
896,USP30
897,ARHGEF15
898,MAPK11
899,KLHL11
900,TNFRSF9
901,LPIN2
902,ESR1
903,OR6N2
904,XAB2
905,CALU
906,CLDN4
907,NPRL2
908,SIX4
909,TLK2
910,RUVBL2
911,ALG8
912,STAT3
913,SRPK1
914,EZH1
915,ALK
916,GPR183
917,KRT85
918,PTPRM
919,LAT2
920,TMED4
921,PTMS
922,ARHGAP28
923,PRKAA2
924,PDE1C
925,SNX2
926,PTPN11
927,PSMA8
928,GIGYF1
929,SH3BGRL2
930,TRAK2
931,POLG2
932,ZNF543
933,DYRK1B
934,P2RY6
935,APMAP
936,GIPC2
937,GPR152
938,BST2
939,ESR2
940,SLC35F2
941,BTRC
942,MSRA
943,ULK1
944,TOPAZ1
945,LPL
946,TMEM86A
947,ANGPT1
948,RPUSD3
949,SPHK1
950,ZNF527
951,ILDR1
952,PMAIP1
953,SLC49A4
954,NMUR2
955,ZFHX2
956,TUBA1A
957,SCRN1
958,FGL1
959,RAD9A
960,RXFP3
961,CDH15
962,GALNT13
963,MXD4
964,ELOVL4
965,IDH2
966,CAPN9
967,INO80D
968,FANK1
969,SLC35A3
970,ZNF468
971,C1QTNF8
972,TNRC6C
973,FAIM
974,CPXM2
975,LOXL1
976,TNFSF10
977,CCT5
978,SERPINE1
979,AFMID
980,TMEM97
981,UQCC5
982,EPHA7
983,NEU4
984,C2CD2
985,CELF1
986,CRB1
987,GCC1
988,HIF1AN
989,DCLK1
990,ARHGAP44
991,ZNF107
992,FFAR2
993,TRA2B
994,KIF5C
995,MUC5B
996,LRRC58
997,CALR
998,ZNF333
999,MYLK
1000,YWHAQ
1001,STX4
1002,MTA1
1003,KPNA7
1004,GRB7
1005,ACSM4
1006,ARF4
1007,CASP3
1008,LMO4
1009,MYL9
1010,TXNRD1
1011,BCL2
1012,LRP2
1013,SCP2
1014,LGR5
1015,COPB2
1016,DNAJB6
1017,DNM1L
1018,CKAP2
1019,FLT4
1020,FAM186A
1021,PLEKHM3
1022,TRIM2
1023,POLR1G
1024,SIRPB2
1025,TAFA2
1026,SOWAHA
1027,BAAT
1028,TFB2M
1029,RPP25L
1030,PHF14
1031,RTN2
1032,NUP107
1033,TPPP
1034,TP53RK
1035,EMC10
1036,SUPT16H
1037,UBTF
1038,ROS1
1039,TMEM50A
1040,UBQLN1
1041,TRAPPC3
1042,TRIM55
1043,SUGT1
1044,ABCF1
1045,GLI2
1046,RSPO2
1047,PLK1
1048,PIK3CG
1049,WDTC1
1050,DLEU7
1051,RNF149
1052,MAPK10
1053,TOR3A
1054,UGGT2
1055,PHRF1
1056,HMGA2
1057,CTNNAL1
1058,BRD2
1059,KRT2
1060,OR10J5
1061,WDR74
1062,TBK1
1063,ECHDC2
1064,ZFP1
1065,FAM120AOS
1066,FAM114A1
1067,TTLL2
1068,NFE2L2
1069,ZNF626
1070,NPLOC4
1071,MOAP1
1072,SYNJ2
1073,GLYR1
1074,DNAH3
1075,IRAK4
1076,TBCEL
1077,ELF2
1078,NLE1
1079,SMAGP
1080,ROCK2
1081,GDPD5
1082,HEG1
1083,PARVA
1084,VPS37A
1085,RPS6
1086,SLC2A9
1087,KDM4B
1088,EED
1089,PSMB8
1090,NENF
1091,HOXA7
1092,SNRNP25
1093,KLK7
1094,COL15A1
1095,NCKAP5
1096,KAT6A
1097,LSG1
1098,HSP90AA1
1099,BDH1
1100,ZNF619
1101,TNFRSF21
1102,SMOX
1103,CSTB
1104,CCR4
1105,BCL9L
1106,DLD
1107,MAST2
1108,IQCA1
1109,MAN2B1
1110,ANGPTL6
1111,ASAH1
1112,DLST
1113,NOL3
1114,CYB5R4
1115,MOK
1116,EBF1
1117,SUZ12
1118,EFCAB12
1119,TEX264
1120,RNF112
1121,TEAD3
1122,LRRC32
1123,SPP1
1124,CNOT4
1125,XPNPEP1
1126,RHBDL2
1127,TTC17
1128,DNMT1
1129,PRDX6
1130,IL37
1131,SYK
1132,ARL11
1133,PRR16
1134,CCSER1
1135,KIF14
1136,GABRR1
1137,CST1
1138,SCYL2
1139,CSF3
1140,NDUFAF5
1141,RABL3
1142,KCNRG
1143,TBX4
1144,SSBP2
1145,ELK4
1146,COL4A1
1147,MKNK1
1148,ADRB3
1149,UNCX
1150,TRAF2
1151,SNAP25
1152,KRT72
1153,CCNE2
1154,PDIA5
1155,SCCPDH
1156,GAPDH
1157,UNC45B
1158,ME2
1159,ISL2
1160,CYP1B1
1161,NPM1
1162,CYTH1
1163,LSP1
1164,TRAM2
1165,FHL2
1166,PSKH2
1167,FEM1B
1168,EHMT1
1169,WARS1
1170,PFKL
1171,NAB2
1172,IKZF1
1173,KRTAP13-3
1174,SLC35B1
1175,TSC22D1
1176,OSTN
1177,IL1B
1178,DPH2
1179,PCGF3
1180,PECR
1181,ZNF781
1182,TERT
1183,SMC3
1184,ST6GALNAC2
1185,PMM2
1186,LCE1E
1187,KLK1
1188,FOSL1
1189,RHD
1190,DNAJC2
1191,DYDC2
1192,PUS1
1193,PDCD6
1194,IGF1
1195,MYL6
1196,MRPL19
1197,TWSG1
1198,HOXC13
1199,DCK
1200,DUSP4
1201,CTRC
1202,ENPEP
1203,KLHL23
1204,KCNE4
1205,TICAM1
1206,RB1
1207,BCR
1208,TMEM109
1209,PCMT1
1210,PNLIP
1211,ZNF30
1212,TOMM34
1213,DCST2
1214,FGFR1OP2
1215,DTX2
1216,NRIP1
1217,S100A8
1218,ZBTB7B
1219,ECSIT
1220,OR4C15
1221,TESK1
1222,NALCN
1223,MAT2B
1224,P4HA2
1225,ARHGEF12
1226,ZNF77
1227,SESN1
1228,MRTO4
1229,CSNK1E
1230,TMED10
1231,DRAXIN
1232,LETMD1
1233,TBPL1
1234,HOXA13
1235,RXRB
1236,GNAI1
1237,MYADM
1238,LPGAT1
1239,ICMT
1240,RFC2
1241,NAALAD2
1242,BARX1
1243,ATF5
1244,ASTN1
1245,GCNT1
1246,ATP11B
1247,ZSCAN22
1248,APBB2
1249,RAE1
1250,DDX49
1251,INPP1
1252,RPA1
1253,SRP54
1254,GAL3ST1
1255,NTMT1
1256,RIMS3
1257,HMGCS1
1258,MANEA
1259,ATP6V1C1
1260,MYO18B
1261,DDC
1262,ZNF697
1263,MC4R
1264,ATM
1265,HCN1
1266,NSMCE2
1267,COMMD1
1268,MYO10
1269,HOMER1
1270,CASP10
1271,NPW
1272,PDPK1
1273,ASCC2
1274,EPHA3
1275,FBXO16
1276,FGFR3
1277,GRIK3
1278,SLTM
1279,GRN
1280,ASNS
1281,TP53BP2
1282,RNF170
1283,IGF1R
1284,SLC35A1
1285,F2
1286,CHEK1
1287,RHEB
1288,GSK3A
1289,BRCA1
1290,STAT1
1291,PPM1L
1292,ST7L
1293,CD44
1294,ORAI2
1295,HAVCR1
1296,SASS6
1297,CRELD2
1298,CLTC
1299,IL24
1300,ZBTB22
1301,TUBB
1302,FGF22
1303,DMXL1
1304,STARD7
1305,PPA2
1306,RBM18
1307,IMPA1
1308,SLC30A10
1309,MAPK13
1310,ALDOA
1311,PIKFYVE
1312,PIH1D1
1313,PRKCG
1314,ICAM1
1315,CCDC85B
1316,USP47
1317,MAST4
1318,IRX5
1319,DEFB134
1320,MRPL22
1321,CSK
1322,MLXIP
1323,APCS
1324,CALCB
1325,HSP90AB1
1326,ATR
1327,DYRK1A
1328,SUGP1
1329,RALB
1330,CTTNBP2
1331,SLC5A9
1332,GCFC2
1333,SPRED2
1334,EFNA5
1335,OLIG1
1336,GLS
1337,PSPH
1338,TIAM1
1339,PER1
1340,CEBPE
1341,CDK9
1342,MZT2A
1343,TPH2
1344,PDE5A
1345,ACAP1
1346,MROH1
1347,TGFB3
1348,GPAM
1349,TEK
1350,RBM15B
1351,ENDOV
1352,SRP68
1353,TFPI2
1354,EIF2A
1355,PNKP
1356,PLEKHG1
1357,GSK3B
1358,CTSB
1359,PAX8
1360,SPATA12
1361,ATN1
1362,H2BC21
1363,LRRC71
1364,APPBP2
1365,JAK2
1366,NXPH2
1367,NIPA1
1368,CSDC2
1369,KCNG2
1370,TMEM229B
1371,RHBDD3
1372,FLACC1
1373,SLC32A1
1374,CPOX
1375,MAPK8
1376,BHLHE23
1377,VAPB
1378,RHOB
1379,USP1
1380,RARS2
1381,CHN1
1382,EDN1
1383,PDHX
1384,FKBP1B
1385,GTF2E2
1386,NBEA
1387,PXN
1388,TMEM151A
1389,TIE1
1390,ANKRD30A
1391,TP53BP1
1392,KATNIP
1393,LSR
1394,TFF1
1395,GTF2A2
1396,SLC6A18
1397,MTHFD1L
1398,TUBB1
1399,YY1AP1
1400,SPDEF
1401,TBX18
1402,BRSK2
1403,SOCS1
1404,CAST
1405,SLC25A26
1406,PLOD3
1407,FAM174A
1408,MCL1
1409,ADAM15
1410,SCAND1
1411,CPLX1
1412,FBXO7
1413,TMEM50B
1414,ZKSCAN2
1415,TGFBR2
1416,KCNT1
1417,MYT1L
1418,TPPP2
1419,SENP1
1420,ITGAE
1421,MRGBP
1422,CASP1
1423,PPM1D
1424,SLC10A7
1425,PCM1
1426,CFLAR
1427,NOL7
1428,PPARD
1429,ITPK1
1430,CLUL1
1431,RGS16
1432,PAK6
1433,HDLBP
1434,SEZ6L
1435,AKT2
1436,BHLHE40
1437,ATP10B
1438,RDH8
1439,CSAD
1440,RILPL1
1441,GATA3
1442,KRTAP27-1
1443,EBNA1BP2
1444,ZCWPW1
1445,CNOT10
1446,OR8B12
1447,ZNF280D
1448,ATG9A
1449,IRGQ
1450,KIF20A
1451,PEG10
1452,RNF208
1453,PPP2R5E
1454,ATP1B1
1455,FGFR4
1456,ZHX2
1457,OLFML3
1458,ACVR1B
1459,PCYOX1L
1460,TRDMT1
1461,GNG5
1462,IFRD2
1463,MED10
1464,UBL3
1465,SIRT1
1466,KCNK16
1467,DIPK1A
1468,POLB
1469,SLC27A4
1470,THRB
1471,NUDCD3
1472,SGTB
1473,PLK2
1474,PTH2
1475,ZNF189
1476,RHBDF1
1477,DNAJC22
1478,XBP1
1479,DDX25
1480,MAP7
1481,CBR3
1482,ZNF329
1483,SMAD3
1484,COX5B
1485,PEX11A
1486,LPXN
1487,CNDP2
1488,NPFFR2
1489,FOXO3
1490,SAR1A
1491,ARHGEF4
1492,A2M
1493,MFSD10
1494,FBXL3
1495,GADD45A
1496,RAB40B
1497,RAB27A
1498,PTEN
1499,CAMSAP2
1500,KCNT2
1501,DMXL2
1502,RBP2
1503,SHC2
1504,PDE3B
1505,RAB7A
1506,SNX20
1507,AARD
1508,PAK1
1509,CAMP
1510,RPL39L
1511,TIMP2
1512,AKT1S1
1513,GTPBP1
1514,WBP11
1515,RNF25
1516,ENOSF1
1517,TMEM38B
1518,UBE2L3
1519,MS4A6E
1520,ZNF131
1521,PIK3C2B
1522,NEUROD2
1523,MGAT1
1524,CAPN10
1525,IGFBP5
1526,MROH9
1527,CRIP3
1528,CDC45
1529,TARBP1
1530,SLC24A3
1531,TPD52L2
1532,NACC1
1533,FBXO41
1534,MRPL18
1535,TMEM8B
1536,CASR
1537,RNPS1
1538,NDUFB2
1539,NCK2
1540,THOP1
1541,RALY
1542,XRCC3
1543,NCOA2
1544,VAT1
1545,AP5M1
1546,CLYBL
1547,PRR15L
1548,EME1
1549,RTN4IP1
1550,EVL
1551,APLP2
1552,GNAI2
1553,FBXO33
1554,CDKN1B
1555,STAP2
1556,GFPT1
1557,CELF4
1558,ACTR3B
1559,UQCRH
1560,TM9SF2
1561,TMEM255B
1562,NELL2
1563,ANKRD44
1564,ITFG1
1565,EEF2K
1566,RPA2
1567,CORO1A
1568,KIF2C
1569,CEP152
1570,NOLC1
1571,GMNN
1572,UFC1
1573,SEMA6C
1574,PIK3R4
1575,SLC39A8
1576,MMP2
1577,S100A7L2
1578,FSCN3
1579,GARRE1
1580,CEBPD
1581,DUSP11
1582,SH3D21
1583,NPBWR2
1584,HOOK2
1585,CLSTN1
1586,PHOSPHO1
1587,LRRTM1
1588,CRK
1589,NTHL1
1590,GEMIN5
1591,KHDC3L
1592,SESN2
1593,BANF2
1594,ETFDH
1595,FAHD1
1596,PLAGL1
1597,CCND3
1598,CRYZ
1599,ARHGAP1
1600,IKBKE
1601,SNRNP35
1602,ARNT
1603,RNF32
1604,JAK1
1605,LBR
1606,GHR
1607,NAT2
1608,BLMH
1609,SLC35F1
1610,CELSR3
1611,LYPD6
1612,TRIAP1
1613,KALRN
1614,MPZL1
1615,FPGS
1616,EIF2S1
1617,THADA
1618,LGMN
1619,LORICRIN
1620,CDK5
1621,EGF
1622,SMURF2
1623,HSPA8
1624,TCERG1
1625,DHODH
1626,FKBP14
1627,SNX6
1628,MET
1629,POLR3G
1630,SNX7
1631,SCAMP2
1632,SDHA
1633,CCDC62
1634,SHC1
1635,GFOD1
1636,COPZ2
1637,GSTZ1
1638,NLRP5
1639,ZWILCH
1640,CRBN
1641,HMOX2
1642,URB2
1643,NUDT17
1644,EPHB4
1645,CAPG
1646,DSG2
1647,R3HDML
1648,TMEM106A
1649,PAPLN
1650,LIPA
1651,SLC46A2
1652,HDAC11
1653,MIXL1
1654,MICALL1
1655,TXLNA
1656,ARHGEF33
1657,DMTF1
1658,CDC20
1659,IQGAP1
1660,CDC25B
1661,PSMF1
1662,RSBN1
1663,RSRC1
1664,PARP2
1665,NEUROG1
1666,MRPL36
1667,GNAS
1668,PCCB
1669,FLG
1670,S100A13
1671,MMEL1
1672,MAF
1673,CARD6
1674,HOMER2
1675,NUDT1
1676,ETFB
1677,RALA
1678,PIK3AP1
1679,TNFRSF8
1680,TUBD1
1681,DCTN5
1682,OR2J3
1683,ADAM10
1684,RELN
1685,PARP9
1686,IVD
1687,RPIA
1688,SRSF6
1689,CRYBB1
1690,ARFIP2
1691,GOLT1B
1692,TEX30
1693,DENND1B
1694,KPNB1
1695,E2F2
1696,ATXN7L3
1697,ELMOD2
1698,GFUS
1699,TOR2A
1700,G6PC3
1701,TFF3
1702,OSBPL5
1703,FRMD6
1704,UBXN7
1705,PAF1
1706,SLC25A1
1707,NYAP2
1708,RXRA
1709,ADRA1D
1710,ARHGAP9
1711,TRIB1
1712,DLX3
1713,RGMB
1714,RBP4
1715,SGCB
1716,NES
1717,GUK1
1718,DTL
1719,QARS1
1720,HEATR1
1721,IQGAP2
1722,MFSD3
1723,HERPUD1
1724,ZNHIT6
1725,FAM163A
1726,CDCA4
1727,ZMYM2
1728,ADAMTSL1
1729,LIG1
1730,CLPS
1731,HCAR1
1732,APEX1
1733,DDIT4
1734,PDLIM1
1735,DDX42
1736,CORO1B
1737,TKT
1738,ACSL3
1739,ETV1
1740,PCNA
1741,PSMB5
1742,APOBEC1
1743,SERTAD1
1744,NKIRAS1
1745,NLRC4
1746,SAMD4B
1747,AKT3
1748,PDCD11
1749,IL2RA
1750,DEFB118
1751,BLTP2
1752,CDS2
1753,MAT2A
1754,FAM110A
1755,BBS4
1756,PAN2
1757,IFIT1
1758,TMEM235
1759,HAND2
1760,ST6GAL1
1761,SYT8
1762,SYMPK
1763,NOSIP
1764,INPP4B
1765,GNA15
1766,FSTL1
1767,RAB6B
1768,ABCB4
1769,GABRB1
1770,MAPK7
1771,MIA2
1772,ICAM3
1773,NUDT9
1774,ALOX12B
1775,ABHD4
1776,ROR1
1777,CYP1A2
1778,GABARAPL2
1779,BRD10
1780,TNKS
1781,DNAJB8
1782,PKD1
1783,TSEN2
1784,PAK1IP1
1785,ASB2
1786,EPHB2
1787,TARS3
1788,MME
1789,PACSIN3
1790,NRSN1
1791,ZBTB7C
1792,STK11
1793,EDNRA
1794,PIM1
1795,CTU1
1796,PLEKHM1
1797,HS2ST1
1798,SLC22A8
1799,BMP2K
1800,FSCB
1801,CYTL1
1802,HIVEP1
1803,WFDC10A
1804,GRIP1
1805,LMTK3
1806,CXCL6
1807,MTARC2
1808,RIPK1
1809,RRS1
1810,LONP2
1811,KRTAP5-6
1812,PDE7A
1813,CDC7
1814,SMARCD2
1815,SLC8A1
1816,LIMS1
1817,ELOVL7
1818,VPS28
1819,MFAP5
1820,PNPLA6
1821,MYBPHL
1822,GNA13
1823,CLEC4D
1824,ZDHHC2
1825,ENTPD8
1826,DUSP3
1827,CERK
1828,FUT1
1829,LANCL1
1830,ANKRD10
1831,MGMT
1832,GH2
1833,IGFL1
1834,NAB1
1835,NDUFAF2
1836,NUP133
1837,IGHMBP2
1838,SERTAD2
1839,METTL3
1840,CYP27C1
1841,ATP6V0B
1842,ANKRD40
1843,S100A16
1844,LY6H
1845,HS6ST3
1846,IFIH1
1847,CEL
1848,KCTD13
1849,LRRC1
1850,ARHGAP25
1851,DYNLT4
1852,ALLC
1853,ZNF530
1854,CCDC116
1855,MADD
1856,TBX2
1857,ERI1
1858,DDX1
1859,GPBP1L1
1860,DNER
1861,FSD1
1862,CLMN
1863,ENTPD2
1864,MACF1
1865,MTX3
1866,EHD3
1867,BPHL
1868,SYCN
1869,AKR7A2
1870,PRRX2
1871,ZNF330
1872,ZNF473
1873,PPOX
1874,MUC13
1875,GLOD4
1876,HDC
1877,GRPEL1
1878,CDKN2AIPNL
1879,CHST14
1880,CYB5B
1881,F12
1882,RAB11FIP2
1883,UQCR11
1884,IPO7
1885,ZDHHC13
1886,SDHB
1887,COG2
1888,MESP2
1889,ID2
1890,SPTAN1
1891,FAM3D
1892,GALR2
1893,MYBPC2
1894,GEMIN7
1895,TESC
1896,ZNF426
1897,SMARCA2
1898,PRKRIP1
1899,KCNB1
1900,PYGB
1901,AGRN
1902,PTPN12
1903,NR3C1
1904,TRIM13
1905,AK7
1906,MED19
1907,NTRK1
1908,LRRC66
1909,HHLA2
1910,DNASE2B
1911,DIXDC1
1912,RIC3
1913,AAAS
1914,NEU1
1915,AMFR
1916,HIPK2
1917,RBM45
1918,PAQR9
1919,FANCM
1920,NUP153
1921,SNX17
1922,MPEG1
1923,LIN28B
1924,SGK3
1925,HPSE2
1926,MT1H
1927,WDR7
1928,ZNF345
1929,MMS22L
1930,DDB2
1931,CER1
1932,VPS41
1933,NCALD
1934,ORMDL1
1935,ZNF462
1936,NRXN2
1937,ZKSCAN3
1938,TYMS
1939,CDK5R1
1940,OXSR1
1941,ZNF620
1942,PRR4
1943,SLC16A1
1944,TLCD3A
1945,CIMAP1D
1946,IGSF21
1947,NFKBIE
1948,GALNT8
1949,SLC6A13
1950,GABRG3
1951,NANOGNB
1952,S1PR1
1953,ARHGEF2
1954,KRT84
1955,RSPH3
1956,SLC25A36
1957,TFAP4
1958,CCDC102A
1959,C9
1960,MYOG
1961,APCDD1
1962,HIF3A
1963,ATF6
1964,RTP4
1965,FBN2
1966,STON2
1967,CSF2RB
1968,HAS1
1969,ZC2HC1C
1970,GJC2
1971,SMNDC1
1972,MYBL1
1973,CLTB
1974,PPP1CB
1975,ABCC4
1976,PYY
1977,HDAC2
1978,TTC19
1979,PSIP1
1980,PALB2
1981,PPP1R3G
1982,NCOA3
1983,PBX1
1984,CAMK1G
1985,USP14
1986,CHRNB1
1987,TPM1
1988,ROCK1
1989,MBOAT7
1990,POR
1991,GATA2
1992,ELAVL1
1993,DCBLD1
1994,CA12
1995,ZNF274
1996,DCUN1D4
1997,PELP1
1998,RABEP2
1999,LMO1
2000,FCHO1
2001,ROM1
2002,OR10Z1
2003,GPR45
2004,ZBTB46
2005,ATP2C1
2006,EFCAB14
2007,DNAJA3
2008,SYT11
2009,ACTA1
2010,ZMIZ1
2011,TERF2IP
2012,TRIB3
2013,CPSF4
2014,STK25
2015,CRTAM
2016,BAG3
2017,CYP2A13
2018,TLR4
2019,RHOH
2020,ATP6V0A1
2021,STK10
2022,MRPL40
2023,PRKCQ
2024,DUSP22
2025,NISCH
2026,TENM2
2027,CDC25A
2028,THAP11
2029,CDYL
2030,SAMD9
2031,BCL2L12
2032,ACVR1C
2033,CDK6
2034,GCLC
2035,SLC11A2
2036,NTRK2
2037,SYNGR2
2038,SDC4
2039,DRAP1
2040,TMEM132A
2041,GRIA4
2042,CDK5R2
2043,FREM1
2044,GABRB2
2045,SLC1A4
2046,NDUFA3
2047,PHLDA1
2048,ATG5
2049,PENK
2050,CDC42
2051,FTMT
2052,KRAS
2053,PAX2
2054,PHGDH
2055,ZNF589
2056,MPP4
2057,SNRPD1
2058,HAL
2059,TIMELESS
2060,NRG3
2061,DHX9
2062,TEX19
2063,RBM6
2064,ZBTB20
2065,RAP1A
2066,FOS
2067,WDR77
2068,LIMK1
2069,SLC29A2
2070,RRP12
2071,MS4A5
2072,ATP6V1C2
2073,TRAPPC6A
2074,WDR1
2075,PIK3R3
2076,RARA
2077,BHMT
2078,GALE
2079,SLC22A7
2080,SWAP70
2081,CXCR4
2082,TSKU
2083,TMCO1
2084,KCNG4
2085,PLK3
2086,AGTPBP1
2087,DSPP
2088,KIAA0753
2089,ARVCF
2090,PDGFRB
2091,COG7
2092,GET1
2093,COX5A
2094,CMPK1
2095,CNOT2
2096,CSDE1
2097,STC1
2098,RELB
2099,OR51E1
2100,CEACAM19
2101,MTOR
2102,CHMP5
2103,KLK2
2104,ARL4C
2105,PRRC2B
2106,ZNF347
2107,PSMB7
2108,SLC16A3
2109,FBXL12
2110,SMC4
2111,SWT1
2112,FBXO34
2113,ANO10
2114,ZNF35
2115,HS3ST5
2116,SYNM
2117,MAP4K4
2118,TVP23A
2119,ABTB1
2120,AXIN1
2121,GATAD1
2122,GADD45B
2123,SCAP
2124,SNX13
2125,RAC1
2126,CCDC102B
2127,CSHL1
2128,ERCC1
2129,FAM151B
2130,KCND3
2131,TMEM198
2132,GNA11
2133,CD40
2134,HKDC1
2135,TMEM106B
2136,BARD1
2137,FUCA2
2138,SULF1
2139,ZKSCAN5
2140,CYP2S1
2141,HYOU1
2142,PFN3
2143,SMARCA4
2144,SMU1
2145,MAP2K2
2146,RNF207
2147,IDUA
2148,PWP1
2149,KANSL1L
2150,MYC
2151,GLRX
2152,KIT
2153,CCL28
2154,PLCXD3
2155,LEFTY1
2156,POLDIP3
2157,RAB42
2158,PCDHB15
2159,F11R
2160,MAP4K2
2161,STXBP2
2162,NRL
2163,NR4A2
2164,EFTUD2
2165,RRP1B
2166,ZHX3
2167,CCDC86
2168,MRPS16
2169,ATG16L1
2170,RFPL2
2171,JMJD6
2172,SRSF1
2173,LAP3
2174,SMARCC1
2175,SDC1
2176,KTN1
2177,CCNH
2178,CREB1
2179,CAB39
2180,EIF4EBP1
2181,RAI14
2182,SYNGR3
2183,GLS2
2184,MED29
2185,BIRC2
2186,ATXN7L3B
2187,H2AZ2
2188,KRTAP6-2
2189,EFCC1
2190,ASPH
2191,ARHGEF18
2192,NMNAT3
2193,ATAD2
2194,HLA-DRB5
2195,PRLR
2196,COL1A1
2197,CPEB2
2198,TSPAN9
2199,SERPINA6
2200,PRKDC
2201,RHOA
2202,FZD7
2203,GRB14
2204,COASY
2205,HABP2
2206,PSME1
2207,NOP10
2208,FDFT1
2209,SEMA4F
2210,MYH4
2211,KCNK18
2212,IL4R
2213,SIRT3
2214,TRAP1
2215,DIPK1C
2216,VGLL4
2217,ST3GAL6
2218,PRKCA
2219,NFKBIA
2220,LTBP3
2221,MRPL23
2222,RALGDS
2223,XPO7
2224,SIGLEC6
2225,OR51V1
2226,MOXD1
2227,ZNF789
2228,FBXO47
2229,MIEN1
2230,SHH
2231,PTPRC
2232,SAMD15
2233,ERGIC1
2234,ZNF736
2235,SOX15
2236,MYOZ3
2237,DYSF
2238,SLC2A1
2239,METAP2
2240,LAYN
2241,SEC24C
2242,MLEC
2243,FANCF
2244,BNIP3
2245,CCP110
2246,COPS7A
2247,RAB11FIP3
2248,CDK1
2249,TSN
2250,TP53INP2
2251,STAB2
2252,ODF4
2253,ARID5B
2254,SRSF7
2255,MAU2
2256,SPAG7
2257,RRP8
2258,OR13A1
2259,ZBTB9
2260,EPN2
2261,SLC30A5
2262,USP45
2263,TAF4B
2264,TOPBP1
2265,STK4
2266,YWHAZ
2267,CYB561
2268,SORBS3
2269,TBX19
2270,HEPACAM
2271,WIPF2
2272,CPPED1
2273,JAK3
2274,CD320
2275,PTPN6
2276,SLC25A32
2277,TRIM66
2278,ZFP36
2279,MEX3B
2280,CHST4
2281,FRZB
2282,WDR70
2283,KCNN3
2284,ITK
2285,TM7SF3
2286,RNF168
2287,CRY2
2288,CCDC170
2289,PRMT5
2290,POU4F1
2291,ACTR1A
2292,NPC1
2293,PGM1
2294,INCENP
2295,PIN1
2296,MAPKAPK5
2297,ZNF471
2298,CDH9
2299,RDH12
2300,MANBAL
2301,GABPB1
2302,POLR2I
2303,ZNF3
2304,PIAS1
2305,GPR63
2306,AMER2
2307,NFKBIB
2308,NEFH
2309,GATA5
2310,ABCB5
2311,HTRA1
2312,ADA
2313,NELL1
2314,RUNDC3A
2315,QSOX1
2316,ZNF415
2317,LGR4
2318,CHAC1
2319,SEC31B
2320,CDK2
2321,LTK
2322,MAPK14
2323,EIF2AK3
2324,TIAM2
2325,NUCB2
2326,AURKB
2327,OPRK1
2328,MARCHF3
2329,IL26
2330,AFAP1L1
2331,OR2T1
2332,SORCS2
2333,RASD2
2334,CCN4
2335,GBP2
2336,TENT4A
2337,UBQLN4
2338,MEGF11
2339,IFNAR1
2340,MDFIC
2341,FAM118A
2342,ENOPH1
2343,POLE
2344,TTPAL
2345,NUSAP1
2346,ELAC2
2347,NEUROD4
2348,PRKCD
2349,NR1H3
2350,KCNH7
2351,MESP1
2352,RIN2
2353,PGAM2
2354,SERPINB1
2355,RGS9
2356,SLC15A3
2357,UBE3A
2358,DOCK8
2359,CCDC34
2360,TNFSF11
2361,GCKR
2362,FCRL4
2363,TMEM179B
2364,CEBPZ
2365,ZNF92
2366,SLC24A2
2367,POLG
2368,ACVR2B
2369,ANXA4
2370,MYBPC1
2371,SLC23A2
2372,CP
2373,DLK2
2374,EDEM1
2375,ANGEL2
2376,CD2BP2
2377,DHTKD1
2378,FYN
2379,MUC1
2380,EID2
2381,HNRNPA3
2382,MRPL9
2383,INCA1
2384,DNMT3A
2385,ATG3
2386,IGF2BP2
2387,SLC10A6
2388,TG
2389,TMPRSS9
2390,KAT6B
2391,SUPV3L1
2392,HOXA11
2393,PRKAA1
2394,OR51S1
2395,GDNF
2396,FAIM2
2397,SPRTN
2398,RPS18
2399,DDX18
2400,PARPBP
2401,CDH3
2402,TOR1A
2403,PLA2G1B
2404,SFN
2405,NGFR
2406,LLGL2
2407,DAG1
2408,ZNF135
2409,IFT172
2410,B4GALT4
2411,LSM6
2412,BECN1
2413,NUAK2
2414,DHX32
2415,ITIH3
2416,RND2
2417,TGFB1
2418,NOTCH1
2419,EBAG9
2420,REEP5
2421,KDM5B
2422,GPR39
2423,FAM114A2
2424,KLF10
2425,TEX10
2426,MPC2
2427,ZNF404
2428,DCTD
2429,SYNE2
2430,ZNF502
2431,FLRT1
2432,ERMN
2433,NUP88
2434,PDE4B
2435,SSH1
2436,FAM204A
2437,MAP1A
2438,C5
2439,PPARG
2440,HELB
2441,CALM3
2442,POP4
2443,CARD11
2444,DENND4B
2445,UBE2J1
2446,VSTM1
2447,FASLG
2448,ASRGL1
2449,LCE3C
2450,MORC2
2451,ZNF284
2452,ADAM2
2453,FAM216B
2454,ARHGAP32
2455,EMC7
2456,RPS6KA1
2457,SLC38A11
2458,MYBL2
2459,CASC3
2460,MAGI1
2461,RAP1GAP
2462,ARSI
2463,EFCAB5
2464,CD300A
2465,SPA17
2466,NPHP3
2467,HAT1
2468,TLL2
2469,MPZL3
2470,PEPD
2471,KCTD6
2472,ATP2A2
2473,KIF11
2474,CBR1
2475,NTF3
2476,ATMIN
2477,ATOH8
2478,STIM1
2479,FYCO1
2480,ABCC5
2481,PRPF4
2482,FOXJ3
2483,MEPE
2484,GIMAP6
2485,NIT1
2486,RBM43
2487,ASCC3
2488,FJX1
2489,STMN1
2490,TNIP1
2491,PHF12
2492,CHN2
2493,FUCA1
2494,MEST
2495,TBX20
2496,TNNI3
2497,NUAK1
2498,SLC36A1
2499,ACP5
2500,GDA
2501,ILK
2502,BLCAP
2503,FOXN2
2504,GLIS2
2505,NMT1
2506,GTPBP8
2507,STK11IP
2508,NEBL
2509,TIMM9
2510,DAPK3
2511,GSR
2512,PAFAH1B3
2513,KPNA4
2514,POLR2K
2515,CRCP
2516,RPN1
2517,FAT1
2518,LRRC40
2519,FIS1
2520,USP6NL
2521,EBF2
2522,DGAT1
2523,ZFC3H1
2524,MCM3
2525,TTC39C
2526,FGFR1
2527,YME1L1
2528,LETM1
2529,CCDC73
2530,STRA8
2531,PPP2R2D
2532,WNT5A
2533,PSCA
2534,HDAC3
2535,SMTNL2
2536,KLF12
2537,DEFA5
2538,RNMT
2539,ZNF414
2540,TOP1
2541,ADAT1
2542,BCLAF1
2543,TTBK1
2544,ARHGDIB
2545,LDHAL6B
2546,TRPV4
2547,SNCA
2548,ITGB5
2549,HDAC9
2550,PRSS23
2551,CHMP2B
2552,NR2C2
2553,FAH
2554,HINT2
2555,GSDMB
2556,SF3A1
2557,TPRX1
2558,BUB1
2559,RAB33B
2560,ZP1
2561,SOX8
2562,SOCS2
2563,FGFBP3
2564,ITGB2
2565,RGS2
2566,JUN
2567,HK1
2568,SUV39H2
2569,ZBTB43
2570,NFIL3
2571,PHKB
2572,APP
2573,DVL2
2574,SPATA32
2575,FAM111B
2576,ACRV1
2577,L3MBTL3
2578,ZNF490
2579,SLC25A37
2580,NFKB2
2581,GJB4
2582,ACSM2A
2583,PHOX2A
2584,MAP3K8
2585,DUSP14
2586,OXA1L
2587,ELL2
2588,UCHL5
2589,SAMD5
2590,AARS1
2591,KCNG1
2592,SLC22A5
2593,DENND2A
2594,PLCH2
2595,SEMA3D
2596,RIMS4
2597,AXDND1
2598,HIVEP2
2599,CLIC4
2600,SPEN
2601,IAPP
2602,EAPP
2603,CAPN1
2604,RPRD1B
2605,CCNB1
2606,PTGDR2
2607,BRD3
2608,LRRC55
2609,PIM3
2610,AFG2B
2611,CAT
2612,PLXNA2
2613,GAA
2614,BRD9
2615,IGSF9B
2616,TFCP2L1
2617,CEACAM4
2618,GJA4
2619,SACM1L
2620,USP16
2621,CREBBP
2622,ADCY3
2623,UBR2
2624,UBE2C
2625,CASP2
2626,SMCR8
2627,GTF2F2
2628,CHMP1A
2629,ACD
2630,DFFB
2631,UBR7
2632,NEXN
2633,PLG
2634,HSPD1
2635,DDX10
2636,FAM135B
2637,DDX31
2638,BEND4
2639,FNTA
2640,ACLY
2641,TCTN1
2642,MIER1
2643,AKR1E2
2644,PTPRF
2645,CEP350
2646,OSBPL3
2647,PDK1
2648,GDE1
2649,CRTAP
2650,DOT1L
2651,ATP10A
2652,SLC27A3
2653,FARP2
2654,CSNK1A1L
2655,PIGM
2656,RNH1
2657,EPRS1
2658,FLT3
2659,EEIG2
2660,NUMBL
2661,SDCCAG8
2662,ACBD5
2663,NOS3
2664,USP22
2665,FXN
2666,IDI1
2667,PEX2
2668,DHDDS
2669,MFAP3L
2670,VWDE
2671,SLC29A3
2672,RRAGA
2673,GPR137
2674,PDGFA
2675,CLECL1P
2676,TLCD3B
2677,KDR
2678,CCDC122
2679,GFOD2
2680,AKAP8L
2681,PLA2G4A
2682,PRMT6
2683,MELK
2684,RFNG
2685,GGH
2686,VEZF1
2687,GPRC5C
2688,SLC25A30
2689,REC8
2690,MKNK2
2691,RANBP3
2692,CEP57
2693,BCL2L1
2694,HCLS1
2695,CHST1
2696,SLC16A7
2697,WASF3
2698,IPO13
2699,VENTX
2700,MMP1
2701,ACADVL
2702,ST7
2703,TTK
2704,IFT57
2705,LAMA3
2706,FLT1
2707,TJP1
2708,PLCB3
2709,SSTR1
2710,BACE2
2711,PPP1R13B
2712,SSRP1
2713,KLHL21
2714,BRD8
2715,SH2B3
2716,CLEC4E
2717,AKT1
2718,CAD
2719,ARID4B
2720,CHD9
2721,PTPRS
2722,ETV3
2723,LYRM1
2724,TEKT1
2725,TCP10L3
2726,PUF60
2727,GFPT2
2728,F3
2729,SPO11
2730,TSPAN19
2731,MAPK1IP1L
2732,RD3
2733,CXCL2
2734,SREBF1
2735,POC5
2736,CHMP6
2737,ACTRT2
2738,SERINC5
2739,NVL
2740,WDR27
2741,IMP3
2742,BLTP3B
